{
	"name": "aai-vehicles-warden",
	"version": "0.5.3",
	"title": "AAI Vehicles: Warden",
	"author": "Earendel",
	"dependencies": ["base >= 1.1.0"],
	"description": "A versatile support vehicle equipped  with a mobile radar and an Electro Bolter turret that can fire Electroshock Pulses. If it has Repair Packs it can automatically repair nearby vehicles and structures. It can also collect ground items in a large radius. If used with AAI Programmable Vehicles, it can provide resources to nearby vehicles like a Hauler but with a larger transfer range. Useful for vehicle formations and base maintenance.",
	"factorio_version": "1.1",
	"homepage": "https://factorio.miraheze.org"
}
