{
	"name":"Mining-Space-Industries-II",
	"author":"MFerrari",
	"version":"0.4.0",
	"title":"Mining Space Industries II",
	"description":"Mining Space Industries II",
	"homepage":"https://discord.gg/vDfm5tNEqK",
	"contact": "Discord: MFerrari#6561",
	"factorio_version":"1.1",
	"dependencies": ["base >= 1.1.4", "? mferrari-mod-sounds",
                         "Rocket-Silo-Construction >= 1.0.26",
                         "Explosive_biters","Cold_biters",
                         "alien-biomes", "informatron", "factorio-crash-site",
                         "? space-exploration >= 0.6.66",
                         "? RPGsystem", "? IndustrialRevolution >= 2.1.6",
						 "? ArmouredBiters",
						 "(?) Krastorio2", "(?)aai-industry", "(?)SchallTankPlatoon", "(?)space-exploration-postprocess",
             "!Mining-Space-Industries","!warptorio2", "!DeleteEmptyChunks", "!rso-mod",
             "!angelsindustries", "!angelsrefining", "!discovery_tree", "!NewGamePlus"]
}
